2019	Order 1	1
2019	Order 2	1
2019	Order 3	2
2019	Order 4	2
2019	Order 5	1
2019	Order 6	2
2019	Order 7	1
2019	Order 8	1
2019	Order 9	6
2019	Order 10	6
2019	Order 11	1
2019	Order 12	1
2019	Order 13	5
2019	Order 14	4
2019	Order 15	2
2019	Order 16	4
2019	Order 17	7
2019	Order 18	1
2019	Order 19	1
2019	Order 20	11
2019	Order 21	4
2019	Order 22	3
2019	Order 23	3
2019	Order 24	1
2019	Order 25	1
2019	Order 26	1
2019	Order 27	2
2019	Order 28	2
2019	Order 29	8
2019	Order 30	1
2019	Order 31	3
2019	Order 32	8
2019	Order 33	1
2019	Order 34	1
2019	Order 35	2
2019	Order 36	14
2019	Order 37	1
2019	Order 38	1
2019	Order 39	11
2019	Order 40	1
2019	Order 41	20
2019	Order 42	2
2019	Order 43	4
2019	Order 44	1
2019	Order 45	3
2019	Order 46	4
2019	Order 47	3
2019	Order 48	5
2019	Order 49	1
2019	Order 50	1
2019	Order 51	1
2019	Order 52	1
2019	Order 53	10
2019	Order 54	1
2019	Order 55	1
2019	Order 56	1
2019	Order 57	1
2019	Order 58	7
2019	Order 59	3
2019	Order 60	6
2019	Order 61	2
2019	Order 62	1
2019	Order 63	2
2019	Order 64	1
2019	Order 65	1
2019	Order 66	2
2019	Order 67	8
2019	Order 68	4
2019	Order 69	3
2019	Order 70	2
2019	Order 71	1
2019	Order 72	1
2019	Order 73	4
2019	Order 74	1
2019	Order 75	1
2019	Order 76	1
2019	Order 77	1
2019	Order 78	10
2019	Order 79	4
2019	Order 80	2
2019	Order 81	1
2019	Order 82	1
2019	Order 83	12
2019	Order 84	1
2019	Order 85	4
2019	Order 86	2
2019	Order 87	5
2019	Order 88	1
2019	Order 89	7
2019	Order 90	3
2019	Order 91	1
2019	Order 92	1
2019	Order 93	23
2019	Order 94	2
2019	Order 95	1
2019	Order 96	2
2019	Order 97	2
2019	Order 98	5
2019	Order 99	1
2019	Order 100	6
2019	Order 101	20
2019	Order 102	1
2019	Order 103	4
2019	Order 104	1
2019	Order 105	21
2019	Order 106	1
2019	Order 107	1
2019	Order 108	1
2019	Order 109	1
2019	Order 110	1
2019	Order 111	2
2019	Order 112	1
2019	Order 113	2
2019	Order 114	4
2019	Order 115	1
2019	Order 116	3
2019	Order 117	3
2019	Order 118	1
2019	Order 119	1
2019	Order 120	1
2019	Order 121	1
2019	Order 122	12
2019	Order 123	1
2019	Order 124	2
2019	Order 125	1
2019	Order 126	7
2019	Order 127	3
2019	Order 128	6
2019	Order 129	6
2019	Order 130	1
2019	Order 131	3
2019	Order 132	2
2019	Order 133	2
2019	Order 134	10
2019	Order 135	1
2019	Order 136	2
2019	Order 137	5
2019	Order 138	1
2019	Order 139	5
2019	Order 140	2
2019	Order 141	1
2019	Order 142	2
2019	Order 143	2
2019	Order 144	5
2019	Order 145	5
2019	Order 146	10
2019	Order 147	2
2019	Order 148	7
2019	Order 149	1
2019	Order 150	19
2019	Order 151	1
2019	Order 152	5
2019	Order 153	1
2019	Order 154	1
2019	Order 155	1
2019	Order 156	1
2019	Order 157	2
2019	Order 158	14
2019	Order 159	1
2019	Order 160	3
2019	Order 161	5
2019	Order 162	8
2019	Order 163	16
2019	Order 164	23
2019	Order 165	1
2019	Order 166	2
2019	Order 167	1
2019	Order 168	2
2019	Order 169	13
2019	Order 170	10
2019	Order 171	11
2019	Order 172	1
2019	Order 173	2
2019	Order 174	3
2019	Order 175	1
2019	Order 176	17
2019	Order 177	1
2019	Order 178	6
2019	Order 179	6
2019	Order 180	1
2019	Order 181	2
2019	Order 182	9
2019	Order 183	3
2019	Order 184	1
2019	Order 185	3
2019	Order 186	1
2019	Order 187	3
2019	Order 188	1
2019	Order 189	1
2019	Order 190	1
2019	Order 191	1
2019	Order 192	3
2019	Order 193	3
2019	Order 194	1
2019	Order 195	7
2019	Order 196	1
2019	Order 197	24
2019	Order 198	3
2019	Order 199	5
2019	Order 200	3
2019	Order 201	1
2019	Order 202	1
2019	Order 203	1
2019	Order 204	6
2019	Order 205	1
2019	Order 206	3
2019	Order 207	1
2019	Order 208	2
2019	Order 209	4
2019	Order 210	2
2019	Order 211	11
2019	Order 212	2
2019	Order 213	1
2019	Order 214	7
2019	Order 215	2
2019	Order 216	1
2019	Order 217	1
2019	Order 218	1
2019	Order 219	2
2019	Order 220	3
2019	Order 221	2
2019	Order 222	5
2019	Order 223	4
2019	Order 224	3
2019	Order 225	2
2019	Order 226	13
2019	Order 227	4
2019	Order 228	18
2019	Order 229	2
2019	Order 230	2
2019	Order 231	4
2019	Order 232	4
2019	Order 233	1
2019	Order 234	1
2019	Order 235	9
2019	Order 236	8
2019	Order 237	3
2019	Order 238	1
2019	Order 239	1
2019	Order 240	1
2019	Order 241	1
2019	Order 242	1
2019	Order 243	2
2019	Order 244	1
2019	Order 245	10
2019	Order 246	8
2019	Order 247	5
2019	Order 248	1
2019	Order 249	5
2019	Order 250	1
2019	Order 251	3
2019	Order 252	11
2019	Order 253	2
2019	Order 254	5
2019	Order 255	1
2019	Order 256	3
2019	Order 257	3
2019	Order 258	3
2019	Order 259	6
2019	Order 260	1
2019	Order 261	1
2019	Order 262	2
2019	Order 263	3
2019	Order 264	2
2019	Order 265	1
2019	Order 266	2
2019	Order 267	6
2019	Order 268	15
2019	Order 269	3
2019	Order 270	5
2019	Order 271	30
2019	Order 272	3
2019	Order 273	4
2019	Order 274	9
2019	Order 275	2
2019	Order 276	1
2019	Order 277	2
2019	Order 278	2
2019	Order 279	4
2019	Order 280	1
2019	Order 281	4
2019	Order 282	3
2019	Order 283	3
2019	Order 284	3
2019	Order 285	10
2019	Order 286	3
2019	Order 287	2
2019	Order 288	14
2019	Order 289	1
2019	Order 290	13
2019	Order 291	1
2019	Order 292	15
2019	Order 293	5
2019	Order 294	1
2019	Order 295	2
2019	Order 296	2
2019	Order 297	1
2019	Order 298	3
2019	Order 299	4
2019	Order 300	3
2019	Order 301	2
2019	Order 302	1
2019	Order 303	2
2019	Order 304	3
2019	Order 305	9
2019	Order 306	3
2019	Order 307	3
2019	Order 308	3
2019	Order 309	3
2019	Order 310	1
2019	Order 311	4
2019	Order 312	3
2019	Order 313	3
2019	Order 314	7
2019	Order 315	1
2019	Order 316	2
2019	Order 317	10
2019	Order 318	4
2019	Order 319	1
2019	Order 320	5
2019	Order 321	2
2019	Order 322	4
2019	Order 323	4
2019	Order 324	5
2019	Order 325	19
2019	Order 326	2
2019	Order 327	2
2019	Order 328	3
2019	Order 329	1
2019	Order 330	1
2019	Order 331	1
2019	Order 332	1
2019	Order 333	1
2019	Order 334	4
2019	Order 335	2
2019	Order 336	2
2019	Order 337	1
2019	Order 338	3
2019	Order 339	1
2019	Order 340	2
2019	Order 341	2
2019	Order 342	1
2019	Order 343	1
2019	Order 344	1
2019	Order 345	2
2019	Order 346	1
2019	Order 347	2
2019	Order 348	3
2019	Order 349	5
2019	Order 350	2
2019	Order 351	1
2019	Order 352	1
2019	Order 353	1
2019	Order 354	16
2019	Order 355	6
2019	Order 356	2
2019	Order 357	2
2019	Order 358	1
2019	Order 359	1
2019	Order 360	1
2019	Order 361	1
2019	Order 362	1
2019	Order 363	2
2019	Order 364	5
2019	Order 365	1
2019	Order 366	1
2019	Order 367	3
2019	Order 368	1
2019	Order 369	1
2019	Order 370	1
2019	Order 371	4
2019	Order 372	7
2019	Order 373	5
2019	Order 374	7
2019	Order 375	1
2019	Order 376	14
2019	Order 377	2
2019	Order 378	1
2019	Order 379	3
2019	Order 380	6
2019	Order 381	1
2019	Order 382	1
2019	Order 383	1
2019	Order 384	1
2019	Order 385	2
2019	Order 386	1
2019	Order 387	1
2019	Order 388	1
2019	Order 389	1
2019	Order 390	5
2019	Order 391	2
2019	Order 392	2
2019	Order 393	3
2019	Order 394	1
2019	Order 395	8
2019	Order 396	1
2019	Order 397	1
2019	Order 398	1
2019	Order 399	6
2019	Order 400	1
2019	Order 401	3
2019	Order 402	1
2019	Order 403	1
2019	Order 404	1
2019	Order 405	1
2019	Order 406	3
2019	Order 407	1
2019	Order 408	1
2019	Order 409	2
2019	Order 410	2
2019	Order 411	1
2019	Order 412	1
2019	Order 413	1
2019	Order 414	1
2019	Order 415	3
2019	Order 416	17
2019	Order 417	1
2019	Order 418	3
2019	Order 419	10
2019	Order 420	7
2019	Order 421	4
2019	Order 422	2
2019	Order 423	4
2019	Order 424	1
2019	Order 425	6
2019	Order 426	3
2019	Order 427	2
2019	Order 428	1
2019	Order 429	3
2019	Order 430	1
2019	Order 431	15
2019	Order 432	3
2019	Order 433	1
2019	Order 434	4
2019	Order 435	1
2019	Order 436	6
2019	Order 437	5
2019	Order 438	1
2019	Order 439	7
2019	Order 440	1
2019	Order 441	1
2019	Order 442	1
2019	Order 443	1
2019	Order 444	14
2019	Order 445	3
2019	Order 446	8
2019	Order 447	2
2019	Order 448	1
2019	Order 449	1
2019	Order 450	1
2019	Order 451	1
2019	Order 452	2
2019	Order 453	2
2019	Order 454	1
2019	Order 455	13
2019	Order 456	1
2019	Order 457	2
2019	Order 458	1
2019	Order 459	3
2019	Order 460	1
2019	Order 461	1
2019	Order 462	2
2019	Order 463	9
2019	Order 464	1
2019	Order 465	1
2019	Order 466	1
2019	Order 467	7
2019	Order 468	3
2019	Order 469	1
2019	Order 470	2
2019	Order 471	1
2019	Order 472	1
2019	Order 473	2
2019	Order 474	1
2019	Order 475	1
2019	Order 476	1
2019	Order 477	2
2019	Order 478	1
2019	Order 479	1
2019	Order 480	4
2019	Order 481	2
2019	Order 482	17
2019	Order 483	1
2019	Order 484	6
2019	Order 485	1
2019	Order 486	1
2019	Order 487	4
2019	Order 488	2
2019	Order 489	1
2019	Order 490	2
2019	Order 491	1
2019	Order 492	8
2019	Order 493	6
2019	Order 494	2
2019	Order 495	4
2019	Order 496	1
2019	Order 497	2
2019	Order 498	1
2019	Order 499	1
2019	Order 500	1
2019	Order 501	1
2019	Order 502	4
2019	Order 503	2
2019	Order 504	5
2019	Order 505	2
2019	Order 506	7
2019	Order 507	1
2019	Order 508	4
2019	Order 509	5
2019	Order 510	1
2019	Order 511	8
2019	Order 512	2
2019	Order 513	2
2019	Order 514	4
2019	Order 515	10
2019	Order 516	2
2019	Order 517	2
2019	Order 518	7
2019	Order 519	1
2019	Order 520	4
2019	Order 521	2
2019	Order 522	10
2019	Order 523	2
2019	Order 524	1
2019	Order 525	3
2019	Order 526	2
2019	Order 527	1
2019	Order 528	1
2019	Order 529	2
2019	Order 530	9
2019	Order 531	1
2019	Order 532	24
2019	Order 533	8
2019	Order 534	11
2019	Order 535	1
2019	Order 536	5
2019	Order 537	1
2019	Order 538	2
2019	Order 539	5
2019	Order 540	3
2019	Order 541	1
2019	Order 542	1
2019	Order 543	11
2019	Order 544	4
2019	Order 545	1
2019	Order 546	1
2019	Order 547	1
2019	Order 548	1
2019	Order 549	4
2019	Order 550	1
2019	Order 551	7
2019	Order 552	2
2019	Order 553	1
2019	Order 554	4
2019	Order 555	3
2019	Order 556	1
2019	Order 557	1
2019	Order 558	2
2019	Order 559	13
2019	Order 560	12
2019	Order 561	4
2019	Order 562	5
2019	Order 563	2
2020	Order 564	10
2020	Order 565	1
2020	Order 566	1
2020	Order 567	2
2020	Order 568	3
2020	Order 569	1
2020	Order 570	1
2020	Order 571	18
2020	Order 572	3
2020	Order 573	3
2020	Order 574	4
2020	Order 575	4
2020	Order 576	2
2020	Order 577	1
2020	Order 578	2
2020	Order 579	1
2020	Order 580	19
2020	Order 581	6
2020	Order 582	1
2020	Order 583	3
2020	Order 584	2
2020	Order 585	9
2020	Order 586	1
2020	Order 587	2
2020	Order 588	15
2020	Order 589	10
2020	Order 590	2
2020	Order 591	3
2020	Order 592	1
2020	Order 593	2
2020	Order 594	1
2020	Order 595	1
2020	Order 596	2
2020	Order 597	2
2020	Order 598	5
2020	Order 599	4
2020	Order 600	2
2020	Order 601	1
2020	Order 602	1
2020	Order 603	1
2020	Order 604	1
2020	Order 605	3
2020	Order 606	1
2020	Order 607	12
2020	Order 608	3
2020	Order 609	1
2020	Order 610	1
2020	Order 611	1
2020	Order 612	3
2020	Order 613	1
2020	Order 614	1
2020	Order 615	1
2020	Order 616	3
2020	Order 617	3
2020	Order 618	1
2020	Order 619	2
2020	Order 620	1
2020	Order 621	5
2020	Order 622	2
2020	Order 623	2
2020	Order 624	1
2020	Order 625	1
2020	Order 626	4
2020	Order 627	4
2020	Order 628	1
2020	Order 629	2
2020	Order 630	2
2020	Order 631	1
2020	Order 632	1
2020	Order 633	3
2020	Order 634	3
2020	Order 635	1
2020	Order 636	4
2020	Order 637	2
2020	Order 638	1
2020	Order 639	1
2020	Order 640	2
2020	Order 641	7
2020	Order 642	1
2020	Order 643	4
2020	Order 644	1
2020	Order 645	2
2020	Order 646	3
2020	Order 647	1
2020	Order 648	3
2020	Order 649	1
2020	Order 650	1
2020	Order 651	1
2020	Order 652	2
2020	Order 653	4
2020	Order 654	3
2020	Order 655	1
2020	Order 656	6
2020	Order 657	2
2020	Order 658	4
2020	Order 659	1
2020	Order 660	4
2020	Order 661	2
2020	Order 662	5
2020	Order 663	7
2020	Order 664	2
2020	Order 665	3
2020	Order 666	9
2020	Order 667	9
2020	Order 668	3
2020	Order 669	1
2020	Order 670	1
2020	Order 671	1
2020	Order 672	9
2020	Order 673	4
2020	Order 674	2
2020	Order 675	1
2020	Order 676	1
2020	Order 677	4
2020	Order 678	1
2020	Order 679	2
2020	Order 680	2
2020	Order 681	3
2020	Order 682	2
2020	Order 683	6
2020	Order 684	4
2020	Order 685	3
2020	Order 686	1
2020	Order 687	2
2020	Order 688	1
2020	Order 689	3
2020	Order 690	2
2020	Order 691	1
2020	Order 692	5
2020	Order 693	6
2020	Order 694	1
2020	Order 695	1
2020	Order 696	1
2020	Order 697	5
2020	Order 698	11
2020	Order 699	2
2020	Order 700	20
2020	Order 701	3
2020	Order 702	1
2020	Order 703	6
2020	Order 704	5
2020	Order 705	7
2020	Order 706	2
2020	Order 707	2
2020	Order 708	4
2020	Order 709	3
2020	Order 710	2
2020	Order 711	2
2020	Order 712	1
2020	Order 713	2
2020	Order 714	1
2020	Order 715	3
2020	Order 716	1
2020	Order 717	1
2020	Order 718	11
2020	Order 719	2
2020	Order 720	1
2020	Order 721	14
2020	Order 722	5
2020	Order 723	10
2020	Order 724	11
2020	Order 725	1
2020	Order 726	5
2020	Order 727	2
2020	Order 728	1
2020	Order 729	3
2020	Order 730	2
2020	Order 731	1
2020	Order 732	3
2020	Order 733	3
2020	Order 734	1
2020	Order 735	7
2020	Order 736	1
2020	Order 737	2
2020	Order 738	1
2020	Order 739	8
2020	Order 740	30
2020	Order 741	8
2020	Order 742	2
2020	Order 743	2
2020	Order 744	6
2020	Order 745	8
2020	Order 746	3
2020	Order 747	1
2020	Order 748	3
2020	Order 749	2
2020	Order 750	17
2020	Order 751	1
2020	Order 752	3
2020	Order 753	15
2020	Order 754	2
2020	Order 755	9
2020	Order 756	2
2020	Order 757	1
2020	Order 758	2
2020	Order 759	1
2020	Order 760	5
2020	Order 761	1
2020	Order 762	1
2020	Order 763	1
2020	Order 764	1
2020	Order 765	1
2020	Order 766	1
2020	Order 767	9
2020	Order 768	1
2020	Order 769	2
2020	Order 770	1
2020	Order 771	3
2020	Order 772	1
2020	Order 773	4
2020	Order 774	1
2020	Order 775	2
2020	Order 776	5
2020	Order 777	9
2020	Order 778	8
2020	Order 779	2
2020	Order 780	4
2020	Order 781	5
2020	Order 782	4
2020	Order 783	1
2020	Order 784	6
2020	Order 785	1
2020	Order 786	30
2020	Order 787	39
2020	Order 788	1
2020	Order 789	2
2020	Order 790	5
2020	Order 791	26
2020	Order 792	1
2020	Order 793	9
2020	Order 794	4
2020	Order 795	2
2020	Order 796	1
2020	Order 797	3
2020	Order 798	6
2020	Order 799	16
2020	Order 800	2
2020	Order 801	14
2020	Order 802	2
2020	Order 803	5
2020	Order 804	6
2020	Order 805	6
2020	Order 806	1
2020	Order 807	1
2020	Order 808	1
2020	Order 809	4
2020	Order 810	2
2020	Order 811	2
2020	Order 812	1
2020	Order 813	2
2020	Order 814	1
2020	Order 815	1
2020	Order 816	2
2020	Order 817	4
2020	Order 818	1
2020	Order 819	2
2020	Order 820	2
2020	Order 821	1
2020	Order 822	1
2020	Order 823	9
2020	Order 824	13
2020	Order 825	2
2020	Order 826	1
2020	Order 827	4
2020	Order 828	1
2020	Order 829	1
2020	Order 830	4
2020	Order 831	8
2020	Order 832	3
2020	Order 833	1
2020	Order 834	1
2020	Order 835	10
2020	Order 836	2
2020	Order 837	2
2020	Order 838	8
2020	Order 839	20
2020	Order 840	1
2020	Order 841	3
2020	Order 842	4
2020	Order 843	2
2020	Order 844	5
2020	Order 845	10
2020	Order 846	2
2020	Order 847	5
2020	Order 848	4
2020	Order 849	2
2020	Order 850	2
2020	Order 851	2
2020	Order 852	2
2020	Order 853	2
2020	Order 854	2
2020	Order 855	1
2020	Order 856	1
2020	Order 857	2
2020	Order 858	3
2020	Order 859	4
2020	Order 860	1
2020	Order 861	1
2020	Order 862	18
2020	Order 863	1
2020	Order 864	2
2020	Order 865	23
2020	Order 866	1
2020	Order 867	4
2020	Order 868	10
2020	Order 869	1
2020	Order 870	1
2020	Order 871	1
2020	Order 872	1
2020	Order 873	1
2020	Order 874	4
2020	Order 875	1
2020	Order 876	2
2020	Order 877	2
2020	Order 878	11
2020	Order 879	8
2020	Order 880	9
2020	Order 881	3
2020	Order 882	17
2020	Order 883	1
2020	Order 884	1
2020	Order 885	1
2020	Order 886	1
2020	Order 887	2
2020	Order 888	6
2020	Order 889	2
2020	Order 890	4
2020	Order 891	1
2020	Order 892	7
2020	Order 893	4
2020	Order 894	1
2020	Order 895	1
2020	Order 896	2
2020	Order 897	4
2020	Order 898	8
2020	Order 899	2
2020	Order 900	3
2020	Order 901	1
2020	Order 902	1
2020	Order 903	1
2020	Order 904	2
2020	Order 905	16
2020	Order 906	1
2020	Order 907	1
2020	Order 908	3
2020	Order 909	3
2020	Order 910	1
2020	Order 911	1
2020	Order 912	3
2020	Order 913	2
2020	Order 914	1
2020	Order 915	3
2020	Order 916	1
2020	Order 917	8
2020	Order 918	1
2020	Order 919	2
2020	Order 920	1
2020	Order 921	2
2020	Order 922	11
2020	Order 923	1
2020	Order 924	1
2020	Order 925	7
2020	Order 926	1
2020	Order 927	1
2020	Order 928	1
2020	Order 929	19
2020	Order 930	14
2020	Order 931	3
2020	Order 932	19
2020	Order 933	1
2020	Order 934	1
2020	Order 935	7
2020	Order 936	4
2020	Order 937	2
2020	Order 938	5
2020	Order 939	1
2020	Order 940	1
2020	Order 941	2
2020	Order 942	2
2020	Order 943	1
2020	Order 944	1
2020	Order 945	18
2020	Order 946	5
2020	Order 947	14
2020	Order 948	9
2020	Order 949	4
2020	Order 950	1
2020	Order 951	1
2020	Order 952	2
2020	Order 953	2
2020	Order 954	2
2020	Order 955	3
2020	Order 956	2
2020	Order 957	14
2020	Order 958	2
2020	Order 959	1
2020	Order 960	4
2021	Order 961	5
2021	Order 962	5
2021	Order 963	7
2021	Order 964	2
2021	Order 965	8
2021	Order 966	5
2021	Order 967	3
2021	Order 968	2
2021	Order 969	6
2021	Order 970	2
2021	Order 971	1
2021	Order 972	6
2021	Order 973	1
2021	Order 974	2
2021	Order 975	1
2021	Order 976	4
2021	Order 977	2
2021	Order 978	4
2021	Order 979	3
2021	Order 980	2
2021	Order 981	13
2021	Order 982	19
2021	Order 983	1
2021	Order 984	2
2021	Order 985	1
2021	Order 986	2
2021	Order 987	1
2021	Order 988	1
2021	Order 989	1
2021	Order 990	3
2021	Order 991	11
2021	Order 992	2
2021	Order 993	3
2021	Order 994	8
2021	Order 995	2
2021	Order 996	2
2021	Order 997	1
2021	Order 998	1
2021	Order 999	1
2021	Order 1000	2
2021	Order 1001	1
2021	Order 1002	2
2021	Order 1003	3
2021	Order 1004	4
2021	Order 1005	2
2021	Order 1006	1
2021	Order 1007	3
2021	Order 1008	2
2021	Order 1009	1
2021	Order 1010	2
2021	Order 1011	2
2021	Order 1012	2
2021	Order 1013	3
2021	Order 1014	14
2021	Order 1015	2
2021	Order 1016	4
2021	Order 1017	1
2021	Order 1018	4
2021	Order 1019	6
2021	Order 1020	1
2021	Order 1021	2
2021	Order 1022	1
2021	Order 1023	1
2021	Order 1024	4
2021	Order 1025	1
2021	Order 1026	1
2021	Order 1027	2
2021	Order 1028	3
2021	Order 1029	6
2021	Order 1030	3
2021	Order 1031	17
2021	Order 1032	14
2021	Order 1033	1
2021	Order 1034	6
2021	Order 1035	1
2021	Order 1036	3
2021	Order 1037	6
2021	Order 1038	5
2021	Order 1039	2
2021	Order 1040	2
2021	Order 1041	1
2021	Order 1042	2
2021	Order 1043	2
2021	Order 1044	1
2021	Order 1045	1
2021	Order 1046	10
2021	Order 1047	3
2021	Order 1048	6
2021	Order 1049	6
2021	Order 1050	6
2021	Order 1051	3
2021	Order 1052	3
2021	Order 1053	3
2021	Order 1054	23
2021	Order 1055	1
2021	Order 1056	1
2021	Order 1057	5
2021	Order 1058	22
2021	Order 1059	1
2021	Order 1060	1
2021	Order 1061	2
2021	Order 1062	1
2021	Order 1063	3
2021	Order 1064	2
2021	Order 1065	2
2021	Order 1066	3
2021	Order 1067	4
2021	Order 1068	16
2021	Order 1069	3
2021	Order 1070	4
2021	Order 1071	2
2021	Order 1072	4
2021	Order 1073	1
2021	Order 1074	6
2021	Order 1075	4
2021	Order 1076	1
2021	Order 1077	2
2021	Order 1078	2
2021	Order 1079	3
2021	Order 1080	7
2021	Order 1081	3
2021	Order 1082	4
2021	Order 1083	2
2021	Order 1084	1
2021	Order 1085	10
2021	Order 1086	2
2021	Order 1087	9
2021	Order 1088	3
2021	Order 1089	4
2021	Order 1090	1
2021	Order 1091	5
2021	Order 1092	6
2021	Order 1093	1
2021	Order 1094	6
2021	Order 1095	1
2021	Order 1096	1
2021	Order 1097	3
2021	Order 1098	5
2021	Order 1099	1
2021	Order 1100	2
2021	Order 1101	1
2021	Order 1102	1
2021	Order 1103	3
2021	Order 1104	9
2021	Order 1105	2
2021	Order 1106	4
2021	Order 1107	4
2021	Order 1108	3
2021	Order 1109	1
2021	Order 1110	4
2021	Order 1111	16
2021	Order 1112	5
2021	Order 1113	4
2021	Order 1114	1
2021	Order 1115	2
2021	Order 1116	1
2021	Order 1117	3
2021	Order 1118	1
2021	Order 1119	6
2021	Order 1120	3
2021	Order 1121	3
2021	Order 1122	4
2021	Order 1123	8
2021	Order 1124	3
2021	Order 1125	7
2021	Order 1126	3
2021	Order 1127	2
2021	Order 1128	3
2021	Order 1129	1
2021	Order 1130	1
2021	Order 1131	1
2021	Order 1132	2
2021	Order 1133	1
2021	Order 1134	5
2021	Order 1135	1
2021	Order 1136	4
2021	Order 1137	3
2021	Order 1138	3
2021	Order 1139	4
2021	Order 1140	1
2021	Order 1141	5
2021	Order 1142	7
2021	Order 1143	5
2021	Order 1144	3
2021	Order 1145	1
2021	Order 1146	1
2021	Order 1147	12
2021	Order 1148	1
2021	Order 1149	1
2021	Order 1150	3
2021	Order 1151	1
2021	Order 1152	3
2021	Order 1153	7
2021	Order 1154	2
2021	Order 1155	1
2021	Order 1156	1
2021	Order 1157	1
2021	Order 1158	1
2021	Order 1159	2
2021	Order 1160	2
2021	Order 1161	1
2021	Order 1162	3
2021	Order 1163	11
2021	Order 1164	4
2021	Order 1165	9
2021	Order 1166	1
2021	Order 1167	1
2021	Order 1168	7
2021	Order 1169	2
2021	Order 1170	2
2021	Order 1171	2
2021	Order 1172	2
2021	Order 1173	5
2021	Order 1174	17
2021	Order 1175	2
2021	Order 1176	12
2021	Order 1177	16
2021	Order 1178	2
2021	Order 1179	6
2021	Order 1180	2
2021	Order 1181	4
2021	Order 1182	2
2021	Order 1183	4
2021	Order 1184	4
2021	Order 1185	16
2021	Order 1186	4
2021	Order 1187	2
2021	Order 1188	1
2021	Order 1189	1
2021	Order 1190	3
2021	Order 1191	4
2021	Order 1192	1
2021	Order 1193	1
2021	Order 1194	1
2021	Order 1195	9
2021	Order 1196	6
2021	Order 1197	4
2021	Order 1198	8
2021	Order 1199	2
2021	Order 1200	2
2021	Order 1201	1
2021	Order 1202	5
2021	Order 1203	1
2021	Order 1204	2
2021	Order 1205	1
2021	Order 1206	4
2021	Order 1207	4
2021	Order 1208	1
2021	Order 1209	1
2021	Order 1210	8
2021	Order 1211	1
2021	Order 1212	2
2021	Order 1213	1
2021	Order 1214	13
2021	Order 1215	3
2021	Order 1216	1
2021	Order 1217	1
2021	Order 1218	21
2021	Order 1219	1
2021	Order 1220	2
2021	Order 1221	5
2021	Order 1222	2
2021	Order 1223	13
2021	Order 1224	1
2021	Order 1225	1
2021	Order 1226	3
2021	Order 1227	1
2021	Order 1228	1
2021	Order 1229	3
2021	Order 1230	1
2021	Order 1231	1
2021	Order 1232	1
2021	Order 1233	3
2021	Order 1234	1
2021	Order 1235	10
2021	Order 1236	4
2021	Order 1237	1
2021	Order 1238	6
2021	Order 1239	4
2021	Order 1240	1
2021	Order 1241	1
2021	Order 1242	2
2021	Order 1243	1
2021	Order 1244	4
2021	Order 1245	2
2021	Order 1246	2
2021	Order 1247	1
2021	Order 1248	2
2021	Order 1249	2
2021	Order 1250	2
2021	Order 1251	1
2021	Order 1252	6
2021	Order 1253	4
2021	Order 1254	8
2021	Order 1255	9
2021	Order 1256	1
2021	Order 1257	5
2021	Order 1258	1
2021	Order 1259	1
2021	Order 1260	5
2021	Order 1261	6
2021	Order 1262	62
2021	Order 1263	1
2021	Order 1264	2
2021	Order 1265	3
2021	Order 1266	3
2021	Order 1267	1
2021	Order 1268	3
2021	Order 1269	2
2021	Order 1270	2
2021	Order 1271	6
2021	Order 1272	1
2021	Order 1273	1
2021	Order 1274	3
2021	Order 1275	2
2021	Order 1276	7
2021	Order 1277	3
2021	Order 1278	2
2021	Order 1279	1
2021	Order 1280	2
2021	Order 1281	9
2021	Order 1282	14
2021	Order 1283	1
2021	Order 1284	2
2021	Order 1285	2
2021	Order 1286	5
2021	Order 1287	7
2021	Order 1288	6
2021	Order 1289	1
2021	Order 1290	2
2021	Order 1291	2
2021	Order 1292	4
2021	Order 1293	6
2021	Order 1294	1
2021	Order 1295	1
2021	Order 1296	3
2021	Order 1297	7
2021	Order 1298	1
2021	Order 1299	11
2021	Order 1300	2
2021	Order 1301	1
2021	Order 1302	6
2021	Order 1303	1
2021	Order 1304	1
2021	Order 1305	9
2021	Order 1306	7
2021	Order 1307	1
2021	Order 1308	6
2021	Order 1309	4
2021	Order 1310	1
2021	Order 1311	1
2021	Order 1312	12
2021	Order 1313	12
2021	Order 1314	2
2021	Order 1315	1
2021	Order 1316	1
2021	Order 1317	3
2021	Order 1318	1
2021	Order 1319	2
2021	Order 1320	2
2021	Order 1321	3
2021	Order 1322	27
2021	Order 1323	2
2021	Order 1324	3
2021	Order 1325	5
2021	Order 1326	2
2021	Order 1327	10
2021	Order 1328	1
2021	Order 1329	4
2021	Order 1330	5
2021	Order 1331	1
2021	Order 1332	1
2021	Order 1333	2
2021	Order 1334	4
2021	Order 1335	9
2021	Order 1336	2
2021	Order 1337	1
2021	Order 1338	2
2021	Order 1339	8
2021	Order 1340	2
2021	Order 1341	3
2021	Order 1342	2
2021	Order 1343	11
2021	Order 1344	1
2021	Order 1345	1
2021	Order 1346	5
2021	Order 1347	4
2021	Order 1348	2
2021	Order 1349	3
2021	Order 1350	1
2021	Order 1351	1
2021	Order 1352	1
2021	Order 1353	3
2021	Order 1354	6
2021	Order 1355	1
2021	Order 1356	1
2021	Order 1357	2
2021	Order 1358	2
2021	Order 1359	1
2021	Order 1360	2
2021	Order 1361	5
2021	Order 1362	5
2021	Order 1363	23
2021	Order 1364	15
2021	Order 1365	1
2021	Order 1366	1
2021	Order 1367	18
2021	Order 1368	1
2021	Order 1369	1
2021	Order 1370	8
2021	Order 1371	1
2021	Order 1372	1
2021	Order 1373	6
2021	Order 1374	1
2021	Order 1375	1
2021	Order 1376	6
2021	Order 1377	1
2021	Order 1378	3
2021	Order 1379	4
2021	Order 1380	2
2021	Order 1381	1
2021	Order 1382	2
2021	Order 1383	2
2021	Order 1384	10
2021	Order 1385	5
2021	Order 1386	1
2021	Order 1387	14
2021	Order 1388	2
2021	Order 1389	8
2021	Order 1390	2
2021	Order 1391	5
2021	Order 1392	1
2021	Order 1393	5
2021	Order 1394	6
2021	Order 1395	8
2021	Order 1396	10
2021	Order 1397	6
2021	Order 1398	1
2021	Order 1399	3
2021	Order 1400	10
2021	Order 1401	2
2021	Order 1402	7
2021	Order 1403	2
2021	Order 1404	1
2021	Order 1405	1
2021	Order 1406	5
2021	Order 1407	1
2021	Order 1408	1
2021	Order 1409	5
2021	Order 1410	1
2021	Order 1411	2
2021	Order 1412	1
2021	Order 1413	1
2021	Order 1414	9
2021	Order 1415	1
2021	Order 1416	1
2021	Order 1417	2
2021	Order 1418	7
2021	Order 1419	2
2021	Order 1420	60
2021	Order 1421	6
2021	Order 1422	7
2021	Order 1423	2
2021	Order 1424	2
2021	Order 1425	4
2021	Order 1426	2
2021	Order 1427	4
2021	Order 1428	4
2021	Order 1429	1
2021	Order 1430	5
2021	Order 1431	1
2021	Order 1432	1
2021	Order 1433	1
2021	Order 1434	1
2021	Order 1435	1
2021	Order 1436	4
2021	Order 1437	4
2021	Order 1438	1
2021	Order 1439	3
2021	Order 1440	1
2021	Order 1441	1
2021	Order 1442	1
2021	Order 1443	7
2021	Order 1444	5
2021	Order 1445	2
2021	Order 1446	3
2021	Order 1447	7
2021	Order 1448	2
2021	Order 1449	2
2021	Order 1450	20
2021	Order 1451	3
2021	Order 1452	1
2021	Order 1453	2
2021	Order 1454	5
2021	Order 1455	3
2021	Order 1456	11
2021	Order 1457	8
2021	Order 1458	1
2021	Order 1459	2
2021	Order 1460	1
2021	Order 1461	7
2021	Order 1462	2
2021	Order 1463	4
2021	Order 1464	1
2021	Order 1465	6
2021	Order 1466	3
2021	Order 1467	4
2021	Order 1468	1
2022	Order 1469	1
2022	Order 1470	1
2022	Order 1471	1
2022	Order 1472	2
2022	Order 1473	2
2022	Order 1474	1
2022	Order 1475	3
2022	Order 1476	11
2022	Order 1477	1
2022	Order 1478	7
2022	Order 1479	7
2021	Order 1480	6
2021	Order 1481	7
2022	Order 1482	1
2022	Order 1483	1
2022	Order 1484	17
2022	Order 1485	1
2022	Order 1486	1
2022	Order 1487	9
2022	Order 1488	8
2022	Order 1489	1
2022	Order 1490	2
2022	Order 1491	6
2022	Order 1492	9
2022	Order 1493	85
2022	Order 1494	1
2022	Order 1495	5
2022	Order 1496	8
2022	Order 1497	1
2022	Order 1498	1
2022	Order 1499	9
2022	Order 1500	3
2022	Order 1501	2
2022	Order 1502	3
2022	Order 1503	1
2022	Order 1504	1
2022	Order 1505	10
2022	Order 1506	1
2022	Order 1507	4
2022	Order 1508	1
2022	Order 1509	1
2022	Order 1510	4
2022	Order 1511	1
2022	Order 1512	3
2022	Order 1513	1
2022	Order 1514	1
2022	Order 1515	2
2022	Order 1516	2
2022	Order 1517	2
2022	Order 1518	2
2022	Order 1519	1
2022	Order 1520	1
2022	Order 1521	2
2022	Order 1522	5
2022	Order 1523	2
2022	Order 1524	2
2022	Order 1525	11
2022	Order 1526	2
2022	Order 1527	6
2022	Order 1528	5
2022	Order 1529	2
2022	Order 1530	1
2022	Order 1531	4
2022	Order 1532	4
2021	Order 1533	1
2022	Order 1534	7
2022	Order 1535	1
2022	Order 1536	5
2022	Order 1537	14
2022	Order 1538	5
2022	Order 1539	2
2022	Order 1540	1
2022	Order 1541	14
2022	Order 1542	5
2022	Order 1543	2
2022	Order 1544	6
2022	Order 1545	4
2022	Order 1546	3
2022	Order 1547	2
2022	Order 1548	1
2022	Order 1549	1
2022	Order 1550	1
2022	Order 1551	2
2022	Order 1552	3
2022	Order 1553	3
2022	Order 1554	1
2022	Order 1555	14
2022	Order 1556	5
2022	Order 1557	3
2022	Order 1558	4
2022	Order 1559	1
2022	Order 1560	3
2022	Order 1561	2
2022	Order 1562	4
2022	Order 1563	6
2022	Order 1564	1
2022	Order 1565	5
2022	Order 1566	3
2022	Order 1567	5
2022	Order 1568	1
2022	Order 1569	3
2022	Order 1570	1
2022	Order 1571	7
2022	Order 1572	10
2022	Order 1573	1
2022	Order 1574	1
2022	Order 1575	4
2022	Order 1576	3
2022	Order 1577	1
2022	Order 1578	2
2022	Order 1579	1
2022	Order 1580	1
2022	Order 1581	1
2022	Order 1582	2
2022	Order 1583	3
2022	Order 1584	2
2022	Order 1585	2
2022	Order 1586	28
2022	Order 1587	2
2022	Order 1588	6
2022	Order 1589	2
2022	Order 1590	8
2022	Order 1591	12
2022	Order 1592	2
2022	Order 1593	1
2022	Order 1594	1
2022	Order 1595	1
2022	Order 1596	2
2022	Order 1597	3
2022	Order 1598	5
2022	Order 1599	1
2022	Order 1600	4
2022	Order 1601	4
2022	Order 1602	3
2022	Order 1603	6
2022	Order 1604	3
2022	Order 1605	7
2022	Order 1606	1
2022	Order 1607	1
2022	Order 1608	1
2022	Order 1609	1
2022	Order 1610	1
2022	Order 1611	1
2022	Order 1612	12
2022	Order 1613	5
2022	Order 1614	1
2022	Order 1615	2
2022	Order 1616	3
2022	Order 1617	26
2022	Order 1618	1
2022	Order 1619	2
2022	Order 1620	3
2022	Order 1621	4
2022	Order 1622	2
2022	Order 1623	1
2022	Order 1624	6
2022	Order 1625	2
2022	Order 1626	1
2022	Order 1627	7
2022	Order 1628	1
2022	Order 1629	1
2022	Order 1630	2
2022	Order 1631	4
2022	Order 1632	2
2022	Order 1633	1
2022	Order 1634	4
2022	Order 1635	1
2022	Order 1636	2
2022	Order 1637	4
2022	Order 1638	5
2022	Order 1639	1
2022	Order 1640	1
2022	Order 1641	3
2022	Order 1642	8
2022	Order 1643	7
2022	Order 1644	2
2022	Order 1645	1
2022	Order 1646	1
2022	Order 1647	10
2022	Order 1648	9
2022	Order 1649	7
2022	Order 1650	1
2022	Order 1651	2
2022	Order 1652	1
2022	Order 1653	9
2022	Order 1654	1
2022	Order 1655	3
2022	Order 1656	1
2022	Order 1657	2
2022	Order 1658	2
2022	Order 1659	1
2022	Order 1660	1
2022	Order 1661	14
2022	Order 1662	4
2022	Order 1663	1
2022	Order 1664	1
2022	Order 1665	4
2022	Order 1666	3
2022	Order 1667	3
2022	Order 1668	1
2022	Order 1669	3
2022	Order 1670	1
2022	Order 1671	2
2022	Order 1672	3
2022	Order 1673	20
2022	Order 1674	4
2022	Order 1675	3
2022	Order 1676	2
2022	Order 1677	2
2022	Order 1678	1
2022	Order 1679	4
2022	Order 1680	5
2022	Order 1681	2
2022	Order 1682	5
2022	Order 1683	1
2022	Order 1684	2
2022	Order 1685	1
2022	Order 1686	1
2022	Order 1687	10
2022	Order 1688	2
2022	Order 1689	1
2022	Order 1690	1
2022	Order 1691	1
2022	Order 1692	1
2022	Order 1693	1
2022	Order 1694	1
2022	Order 1695	1
2022	Order 1696	2
2022	Order 1697	2
2022	Order 1698	3
2022	Order 1699	3
2022	Order 1700	1
2022	Order 1701	2
2022	Order 1702	1
2022	Order 1703	1
2022	Order 1704	2
2022	Order 1705	1
2022	Order 1706	2
2022	Order 1707	19
2022	Order 1708	1
2022	Order 1709	1
2022	Order 1710	1
2022	Order 1711	6
2022	Order 1712	1
2022	Order 1713	2
2022	Order 1714	11
2022	Order 1715	4
2022	Order 1716	8
2022	Order 1717	3
2022	Order 1718	5
2022	Order 1719	1
2022	Order 1720	5
2022	Order 1721	1
2022	Order 1722	1
2022	Order 1723	1
2022	Order 1724	5
2022	Order 1725	4
2022	Order 1726	5
2022	Order 1727	1
2022	Order 1728	2
2022	Order 1729	1
2022	Order 1730	1
2022	Order 1731	20
2022	Order 1732	9
2022	Order 1733	2
2022	Order 1734	1
2022	Order 1735	2
2022	Order 1736	1
2022	Order 1737	3
2022	Order 1738	2
2022	Order 1739	17
2022	Order 1740	1
2022	Order 1741	1
2022	Order 1742	2
2022	Order 1743	2
2022	Order 1744	4
2022	Order 1745	3
2022	Order 1746	1
2022	Order 1747	2
2022	Order 1748	1
2022	Order 1749	3
2022	Order 1750	3
2022	Order 1751	2
2022	Order 1752	1
2022	Order 1753	2
2022	Order 1754	40
2022	Order 1755	2
2022	Order 1756	3
2022	Order 1757	9
2022	Order 1758	2
2022	Order 1759	3
2022	Order 1760	4
2022	Order 1761	4
2022	Order 1762	2
2022	Order 1763	4
2022	Order 1764	7
2022	Order 1765	1
2022	Order 1766	3
2022	Order 1767	3
2022	Order 1768	1
2022	Order 1769	6
2022	Order 1770	1
2022	Order 1771	3
2022	Order 1772	1
2022	Order 1773	3
2022	Order 1774	2
2022	Order 1775	1
2022	Order 1776	1
2022	Order 1777	2
2022	Order 1778	6
2022	Order 1779	1
2022	Order 1780	3
2022	Order 1781	3
2022	Order 1782	1
2022	Order 1783	1
2022	Order 1784	6
2022	Order 1785	3
2022	Order 1786	2
2022	Order 1787	1
2022	Order 1788	5
2022	Order 1789	1
2022	Order 1790	1
2022	Order 1791	1
2022	Order 1792	2
2022	Order 1793	2
2022	Order 1794	1
2022	Order 1795	6
2022	Order 1796	2
2022	Order 1797	6
2022	Order 1798	1
2022	Order 1799	1
2022	Order 1800	2
2022	Order 1801	1
2022	Order 1802	2
2022	Order 1803	7
2022	Order 1804	6
2022	Order 1805	3
2022	Order 1806	5
2022	Order 1807	3
2022	Order 1808	1
2022	Order 1809	1
2022	Order 1810	1
2022	Order 1811	1
2022	Order 1812	1
2022	Order 1813	2
2022	Order 1814	3
2022	Order 1815	1
2022	Order 1816	2
2022	Order 1817	4
2022	Order 1818	1
2022	Order 1819	2
2022	Order 1820	8
2022	Order 1821	1
2022	Order 1822	2
2022	Order 1823	1
2022	Order 1824	2
2022	Order 1825	1
2022	Order 1826	5
2022	Order 1827	9
2022	Order 1828	1
2022	Order 1829	1
2022	Order 1830	1
2022	Order 1831	1
2022	Order 1832	1
2022	Order 1833	1
2022	Order 1834	8
2022	Order 1835	1
2022	Order 1836	3
2022	Order 1837	1
2022	Order 1838	1
2022	Order 1839	3
2022	Order 1840	1
2022	Order 1841	1
2022	Order 1842	1
2022	Order 1843	4
2022	Order 1844	2
2022	Order 1845	1
2022	Order 1846	1
2022	Order 1847	2
2022	Order 1848	7
2022	Order 1849	2
2022	Order 1850	1
2022	Order 1851	2
2022	Order 1852	5
2022	Order 1853	1
2022	Order 1854	1
2022	Order 1855	1
2022	Order 1856	1
2022	Order 1857	1
2022	Order 1858	1
2022	Order 1859	1
2022	Order 1860	1
2022	Order 1861	2
2022	Order 1862	1
2022	Order 1863	3
2022	Order 1864	1
2022	Order 1865	1
2022	Order 1866	1
2022	Order 1867	2
2022	Order 1868	2
2022	Order 1869	1
2022	Order 1870	8
2022	Order 1871	6
2022	Order 1872	1
2022	Order 1873	2
2022	Order 1874	2
2022	Order 1875	1
2022	Order 1876	1
2022	Order 1877	4
2022	Order 1878	2
2022	Order 1879	3
2022	Order 1880	4
2022	Order 1881	1
2022	Order 1882	1
2022	Order 1883	4
2022	Order 1884	3
2022	Order 1885	1
2022	Order 1886	3
2022	Order 1887	4
2022	Order 1888	1
2022	Order 1889	6
2022	Order 1890	1
2022	Order 1891	5
2022	Order 1892	1
2022	Order 1893	1
2022	Order 1894	3
2022	Order 1895	1
2022	Order 1896	3
2022	Order 1897	10
2022	Order 1898	6
2022	Order 1899	1
2022	Order 1900	1
2022	Order 1901	4
2022	Order 1902	1
2022	Order 1903	3
2022	Order 1904	3
2022	Order 1905	6
2022	Order 1906	2
2022	Order 1907	9
2022	Order 1908	2
2022	Order 1909	1
2022	Order 1910	1
2022	Order 1911	1
2022	Order 1912	10
2022	Order 1913	2
2022	Order 1914	1
2022	Order 1915	1
2022	Order 1916	2
2022	Order 1917	28
2022	Order 1918	2
2022	Order 1919	2
2022	Order 1920	2
2022	Order 1921	1
2022	Order 1922	1
2022	Order 1923	1
2022	Order 1924	1
2022	Order 1925	1
2022	Order 1926	1
2022	Order 1927	1
2022	Order 1928	2
2022	Order 1929	4
2022	Order 1930	4
2022	Order 1931	1
2022	Order 1932	1
2022	Order 1933	1
2022	Order 1934	3
2022	Order 1935	26
2022	Order 1936	1
2022	Order 1937	8
2022	Order 1938	1
2022	Order 1939	9
2022	Order 1940	2
2022	Order 1941	1
2022	Order 1942	3
2022	Order 1943	1
2022	Order 1944	2
2022	Order 1945	9
2022	Order 1946	1
2022	Order 1947	2
2022	Order 1948	9
2022	Order 1949	9
2022	Order 1950	6
2022	Order 1951	2
2022	Order 1952	4
2022	Order 1953	1
2022	Order 1954	3
2022	Order 1955	5
2022	Order 1956	6
2022	Order 1957	12
2022	Order 1958	1
2022	Order 1959	3
2022	Order 1960	1
2022	Order 1961	1
2022	Order 1962	1
2022	Order 1963	7
2022	Order 1964	1
2022	Order 1965	8
2022	Order 1966	2
2022	Order 1967	3
2022	Order 1968	2
2022	Order 1969	1
2022	Order 1970	1
2022	Order 1971	1
2022	Order 1972	1
2022	Order 1973	10
2022	Order 1974	1
2022	Order 1975	2
2022	Order 1976	1
2022	Order 1977	1
2022	Order 1978	6
2023	Order 1979	2
2023	Order 1980	4
2023	Order 1981	3
2023	Order 1982	1
2023	Order 1983	1
2023	Order 1984	1
2023	Order 1985	2
2023	Order 1986	3
2023	Order 1987	7
2023	Order 1988	2
2023	Order 1989	2
2023	Order 1990	2
2023	Order 1991	2
2023	Order 1992	3
2023	Order 1993	20
2023	Order 1994	2
2023	Order 1995	3
2023	Order 1996	5
2023	Order 1997	3
2023	Order 1998	4
2023	Order 1999	4
2023	Order 2000	3
2023	Order 2001	1
2023	Order 2002	1
2023	Order 2003	1
2023	Order 2004	7
2023	Order 2005	1
2023	Order 2006	5
2023	Order 2007	1
2023	Order 2008	3
2023	Order 2009	1
2023	Order 2010	8
2023	Order 2011	1
2023	Order 2012	1
2023	Order 2013	4
2023	Order 2014	5
2023	Order 2015	5
2023	Order 2016	3
2023	Order 2017	3
2023	Order 2018	1
2023	Order 2019	1
2023	Order 2020	2
2023	Order 2021	1
2023	Order 2022	2
2023	Order 2023	4
2023	Order 2024	4
2023	Order 2025	1
2023	Order 2026	2
2023	Order 2027	4
2023	Order 2028	2
2023	Order 2029	2
2023	Order 2030	1
2023	Order 2031	3
2023	Order 2032	1
2023	Order 2033	4
2023	Order 2034	1
2023	Order 2035	1
2023	Order 2036	1
2023	Order 2037	1
2023	Order 2038	6
2023	Order 2039	4
2023	Order 2040	7
2023	Order 2041	3
2023	Order 2042	3
2023	Order 2043	3
2023	Order 2044	1
2023	Order 2045	7
2023	Order 2046	1
2023	Order 2047	1
2023	Order 2048	1
2023	Order 2049	2
2023	Order 2050	15
2023	Order 2051	3
2023	Order 2052	2
2023	Order 2053	11
2023	Order 2054	1
2023	Order 2055	2
2023	Order 2056	5
2023	Order 2057	5
2023	Order 2058	2
2023	Order 2059	2
2023	Order 2060	23
2023	Order 2061	2
2023	Order 2062	6
2023	Order 2063	2
2023	Order 2064	1
2023	Order 2065	2
2023	Order 2066	1
2023	Order 2067	1
2023	Order 2068	9
2023	Order 2069	5
2023	Order 2070	7
2023	Order 2071	3
2023	Order 2072	2
2023	Order 2073	1
2023	Order 2074	12
2023	Order 2075	7
2023	Order 2076	1
2023	Order 2077	3
2023	Order 2078	1
2023	Order 2079	3
2023	Order 2080	3
2023	Order 2081	1
2023	Order 2082	8
2023	Order 2083	1
2023	Order 2084	1
2023	Order 2085	1
2023	Order 2086	3
2023	Order 2087	1
2023	Order 2088	2
2023	Order 2089	5
2023	Order 2090	16
2023	Order 2091	14
2023	Order 2092	1
2023	Order 2093	2
2023	Order 2094	1
2023	Order 2095	3
2023	Order 2096	3
2023	Order 2097	4
2023	Order 2098	1
2023	Order 2099	1
2023	Order 2100	3
2023	Order 2101	1
2023	Order 2102	1
2023	Order 2103	10
2023	Order 2104	1
2023	Order 2105	1
2023	Order 2106	1
2023	Order 2107	1
2023	Order 2108	1
2023	Order 2109	4
2023	Order 2110	2
2023	Order 2111	11
2023	Order 2112	2
2023	Order 2113	7
2023	Order 2114	1
2023	Order 2115	1
2023	Order 2116	3
2023	Order 2117	1
2023	Order 2118	4
2023	Order 2119	27
2023	Order 2120	14
2023	Order 2121	3
2023	Order 2122	1
2023	Order 2123	3
2023	Order 2124	10
2023	Order 2125	2
2023	Order 2126	2
2023	Order 2127	4
2023	Order 2128	4
2023	Order 2129	6
2023	Order 2130	1
2023	Order 2131	2
2023	Order 2132	3
2023	Order 2133	8
2023	Order 2134	1
2023	Order 2135	3
2023	Order 2136	1
2023	Order 2137	1
2023	Order 2138	2
2023	Order 2139	1
2023	Order 2140	1
2023	Order 2141	10
2023	Order 2142	5
2023	Order 2143	3
2023	Order 2144	1
2023	Order 2145	2
2023	Order 2146	1
2023	Order 2147	1
2023	Order 2148	2
2023	Order 2149	2
2023	Order 2150	6
2023	Order 2151	3
2023	Order 2152	2
2023	Order 2153	6
2023	Order 2154	2
2023	Order 2155	9
2023	Order 2156	1
2023	Order 2157	1
2023	Order 2158	2
2023	Order 2159	1
2023	Order 2160	1
2023	Order 2161	1
2023	Order 2162	1
2023	Order 2163	2
2023	Order 2164	1
2023	Order 2165	4
2023	Order 2166	2
2023	Order 2167	1
2023	Order 2168	2
2023	Order 2169	1
2023	Order 2170	1
2023	Order 2171	7
2023	Order 2172	8
2023	Order 2173	2
2023	Order 2174	2
2023	Order 2175	1
2023	Order 2176	2
2023	Order 2177	4
2023	Order 2178	6
2023	Order 2179	1
2023	Order 2180	5
2023	Order 2181	2
2023	Order 2182	1
2023	Order 2183	1
2023	Order 2184	8
2023	Order 2185	2
2023	Order 2186	1
2023	Order 2187	6
2023	Order 2188	18
2023	Order 2189	18
2023	Order 2190	3
2023	Order 2191	5
2023	Order 2192	1
2023	Order 2193	2
2023	Order 2194	6
2023	Order 2195	2
2023	Order 2196	4
2023	Order 2197	3
2023	Order 2198	1
2023	Order 2199	1
2023	Order 2200	2
2023	Order 2201	5
2023	Order 2202	1
2023	Order 2203	10
2023	Order 2204	1
2023	Order 2205	2
2023	Order 2206	4
2023	Order 2207	4
2023	Order 2208	4
2023	Order 2209	1
2023	Order 2210	1
2023	Order 2211	4
2023	Order 2212	2
2023	Order 2213	2
2023	Order 2214	1
2023	Order 2215	1
2023	Order 2216	5
2023	Order 2217	2
2023	Order 2218	12
2023	Order 2219	1
2023	Order 2220	2
2023	Order 2221	1
2023	Order 2222	19
2023	Order 2223	3
2023	Order 2224	2
2023	Order 2225	4
2023	Order 2226	11
2023	Order 2227	2
2023	Order 2228	3
2023	Order 2229	1
2023	Order 2230	7
2023	Order 2231	3
2023	Order 2232	5
2023	Order 2233	1
2023	Order 2234	4
2023	Order 2235	4
2023	Order 2236	10
2023	Order 2237	1
2023	Order 2238	2
2023	Order 2239	1
2023	Order 2240	4
2023	Order 2241	1
2023	Order 2242	1
2023	Order 2243	1
2023	Order 2244	1
2023	Order 2245	2
2023	Order 2246	45
2023	Order 2247	1
2023	Order 2248	3
2023	Order 2249	1
2023	Order 2250	5
2023	Order 2251	1
2023	Order 2252	1
2023	Order 2253	10
2023	Order 2254	2
2023	Order 2255	5
2023	Order 2256	2
2023	Order 2257	9
2023	Order 2258	2
2023	Order 2259	2
2023	Order 2260	3
2023	Order 2261	5
2023	Order 2262	1
2023	Order 2263	1
2023	Order 2264	3
2023	Order 2265	2
2023	Order 2266	1
2023	Order 2267	1
2023	Order 2268	14
2023	Order 2269	1
2023	Order 2270	2
2023	Order 2271	1
2023	Order 2272	1
2023	Order 2273	5
2023	Order 2274	4
2023	Order 2275	1
2023	Order 2276	1
2023	Order 2277	8
2023	Order 2278	2
2023	Order 2279	1
2023	Order 2280	1
2023	Order 2281	3
2023	Order 2282	6
2023	Order 2283	1
2023	Order 2284	2
2023	Order 2285	2
2023	Order 2286	5
2023	Order 2287	3
2023	Order 2288	1
2023	Order 2289	16
2023	Order 2290	3
2023	Order 2291	1
2023	Order 2292	1
2023	Order 2293	5
2023	Order 2294	3
2023	Order 2295	6
2023	Order 2296	2
2023	Order 2297	1
2023	Order 2298	1
2023	Order 2299	5
2023	Order 2300	4
2023	Order 2301	1
2023	Order 2302	1
2023	Order 2303	1
2023	Order 2304	1
2023	Order 2305	3
2023	Order 2306	6
2023	Order 2307	2
2023	Order 2308	13
2023	Order 2309	1
2023	Order 2310	2
2023	Order 2311	18
2023	Order 2312	2
2023	Order 2313	2
2023	Order 2314	8
2023	Order 2315	2
2023	Order 2316	1
2023	Order 2317	1
2023	Order 2318	2
2023	Order 2319	15
2023	Order 2320	1
2023	Order 2321	1
2023	Order 2322	20
2023	Order 2323	1
2023	Order 2324	3
2023	Order 2325	1
2023	Order 2326	12
2023	Order 2327	1
2023	Order 2328	5
2023	Order 2329	1
2023	Order 2330	9
2023	Order 2331	2
2023	Order 2332	1
2023	Order 2333	9
2023	Order 2334	2
2023	Order 2335	1
2023	Order 2336	2
2023	Order 2337	3
2023	Order 2338	20
2023	Order 2339	3
2023	Order 2340	2
2023	Order 2341	2
2023	Order 2342	2
2023	Order 2343	9
2023	Order 2344	1
2023	Order 2345	2
2023	Order 2346	9
2023	Order 2347	5
2023	Order 2348	11
2023	Order 2349	6
2023	Order 2350	8
2023	Order 2351	2
2023	Order 2352	1
2023	Order 2353	3
2023	Order 2354	1
2023	Order 2355	3
2023	Order 2356	6
2023	Order 2357	1
2023	Order 2358	1
2023	Order 2359	1
2023	Order 2360	2
2023	Order 2361	4
2023	Order 2362	3
2023	Order 2363	3
2023	Order 2364	2
2023	Order 2365	1
2023	Order 2366	3
2023	Order 2367	3
2023	Order 2368	2
2023	Order 2369	2
2023	Order 2370	31
2023	Order 2371	1
2023	Order 2372	3
2023	Order 2373	5
2023	Order 2374	1
2023	Order 2375	1
2023	Order 2376	1
2023	Order 2377	3
2023	Order 2378	2
2023	Order 2379	6
2023	Order 2380	10
2023	Order 2381	2
2023	Order 2382	1
2023	Order 2383	2
2023	Order 2384	4
2023	Order 2385	1
2023	Order 2386	1
2023	Order 2387	3
2023	Order 2388	3
2023	Order 2389	1
2023	Order 2390	6
2023	Order 2391	1
2023	Order 2392	2
2023	Order 2393	2
2023	Order 2394	2
2023	Order 2395	5
2023	Order 2396	3
2023	Order 2397	2
2023	Order 2398	1
2023	Order 2399	3
2023	Order 2400	3
2023	Order 2401	1
2023	Order 2402	1
2023	Order 2403	1
2023	Order 2404	8
2023	Order 2405	2
2023	Order 2406	8
2023	Order 2407	3
2023	Order 2408	5
2023	Order 2409	1
2023	Order 2410	3
2023	Order 2411	12
2023	Order 2412	4
2023	Order 2413	7
2023	Order 2414	1
2023	Order 2415	2
2023	Order 2416	10
2023	Order 2417	1
2023	Order 2418	8
2023	Order 2419	1
2023	Order 2420	1
2023	Order 2421	1
2023	Order 2422	1
2023	Order 2423	4
2023	Order 2424	1
2023	Order 2425	1
2023	Order 2426	3
2023	Order 2427	2
2023	Order 2428	15
2023	Order 2429	1
2023	Order 2430	2
2023	Order 2431	2
2023	Order 2432	3
2023	Order 2433	1
2023	Order 2434	4
2023	Order 2435	1
2023	Order 2436	1
2023	Order 2437	15
2023	Order 2438	4
2023	Order 2439	1
2023	Order 2440	2
2023	Order 2441	3
2023	Order 2442	2
2023	Order 2443	2
2023	Order 2444	9
2023	Order 2445	1
2023	Order 2446	4
2023	Order 2447	1
2023	Order 2448	3
2023	Order 2449	2
2023	Order 2450	2
2023	Order 2451	4
2023	Order 2452	1
2023	Order 2453	1
2023	Order 2454	2
